{
 "manifest_sha256": "3cb5250c8d28e3fbf5a71082445504f95bf9e90622478e3fd363d1b031309555",
 "split": "dev",
 "seed": 1,
 "n_tasks": 120,
 "verdict": {
  "passed": true,
  "reason": "significant accuracy gain within cost/latency bands",
  "comparison": {
   "p_value": 5.7220458984375e-06,
   "wins": 22,
   "losses": 1,
   "delta": 0.175,
   "ci_low": 0.10833333333333334,
   "ci_high": 0.25
  },
  "candidate": {
   "accuracy": 0.9249999999999999,
   "per_suite": {
    "reasoning": 0.975,
    "math": 0.925,
    "code_qa": 0.875
   },
   "cost_per_task": 0.03682666666666667,
   "latency_p50_ms": 0.30527199851348996
  },
  "baseline": {
   "accuracy": 0.75,
   "per_suite": {
    "reasoning": 0.75,
    "math": 0.65,
    "code_qa": 0.85
   },
   "cost_per_task": 0.0370425,
   "latency_p50_ms": 0.3025579935638234
  },
  "oracle_capture": 0.7241379310344824
 },
 "mde": 0.1278
}